<?xml version="1.0" encoding="UTF-8"?>
<project-private xmlns="http://www.netbeans.org/ns/project-private/1">
    <editor-bookmarks xmlns="http://www.netbeans.org/ns/editor-bookmarks/2" lastBookmarkId="0"/>
    <open-files xmlns="http://www.netbeans.org/ns/projectui-open-files/2">
        <group>
            <file>file:/F:/4th%20semester/DataBase%20Systems/Final%20Project/Online%20Shopping%20(using%20database)/src/supplier/SupplierAccount1.java</file>
            <file>file:/F:/4th%20semester/DataBase%20Systems/Final%20Project/Online%20Shopping%20(using%20database)/src/supplier/Delivery.java</file>
            <file>file:/F:/4th%20semester/DataBase%20Systems/Final%20Project/Online%20Shopping%20(using%20database)/src/user/ForgotPassword.java</file>
            <file>file:/F:/4th%20semester/DataBase%20Systems/Final%20Project/Online%20Shopping%20(using%20database)/src/admin/Transaction.java</file>
            <file>file:/F:/4th%20semester/DataBase%20Systems/Final%20Project/Online%20Shopping%20(using%20database)/src/user/UserDashboard.java</file>
            <file>file:/F:/4th%20semester/DataBase%20Systems/Final%20Project/Online%20Shopping%20(using%20database)/src/admin/Product.java</file>
            <file>file:/F:/4th%20semester/DataBase%20Systems/Final%20Project/Online%20Shopping%20(using%20database)/src/admin/AddSupplier.java</file>
            <file>file:/F:/4th%20semester/DataBase%20Systems/Final%20Project/Online%20Shopping%20(using%20database)/src/supplier/MyDeliveries.java</file>
            <file>file:/F:/4th%20semester/DataBase%20Systems/Final%20Project/Online%20Shopping%20(using%20database)/src/user/PurchaseDetails.java</file>
            <file>file:/F:/4th%20semester/DataBase%20Systems/Final%20Project/Online%20Shopping%20(using%20database)/src/user/Login.java</file>
            <file>file:/F:/4th%20semester/DataBase%20Systems/Final%20Project/Online%20Shopping%20(using%20database)/src/admin/AdminDashboard.java</file>
            <file>file:/F:/4th%20semester/DataBase%20Systems/Final%20Project/Online%20Shopping%20(using%20database)/src/admin/ManageSupplier.java</file>
            <file>file:/F:/4th%20semester/DataBase%20Systems/Final%20Project/Online%20Shopping%20(using%20database)/src/user/SignUp.java</file>
            <file>file:/F:/4th%20semester/DataBase%20Systems/Final%20Project/Online%20Shopping%20(using%20database)/src/admin/Category.java</file>
            <file>file:/F:/4th%20semester/DataBase%20Systems/Final%20Project/Online%20Shopping%20(using%20database)/src/user/ForgotPassword2.java</file>
            <file>file:/F:/4th%20semester/DataBase%20Systems/Final%20Project/Online%20Shopping%20(using%20database)/src/supplier/SupplierAccount.java</file>
            <file>file:/F:/4th%20semester/DataBase%20Systems/Final%20Project/Online%20Shopping%20(using%20database)/src/user/Purchase.java</file>
            <file>file:/F:/4th%20semester/DataBase%20Systems/Final%20Project/Online%20Shopping%20(using%20database)/src/user/UserAccount2.java</file>
            <file>file:/F:/4th%20semester/DataBase%20Systems/Final%20Project/Online%20Shopping%20(using%20database)/src/user/UserAccount.java</file>
            <file>file:/F:/4th%20semester/DataBase%20Systems/Final%20Project/Online%20Shopping%20(using%20database)/src/supplier/SupplierDashboard.java</file>
            <file>file:/F:/4th%20semester/DataBase%20Systems/Final%20Project/Online%20Shopping%20(using%20database)/src/admin/ManageUsers.java</file>
        </group>
    </open-files>
</project-private>
